{
  "id": "1704015",
  "name": "苏宁icon",
  "font_family": "iconfont",
  "css_prefix_text": "icon-",
  "description": "",
  "glyphs": [
    {
      "icon_id": "1306",
      "name": "购物车空",
      "font_class": "gouwuchekong",
      "unicode": "e600",
      "unicode_decimal": 58880
    },
    {
      "icon_id": "36133",
      "name": "耳机",
      "font_class": "erji",
      "unicode": "e601",
      "unicode_decimal": 58881
    },
    {
      "icon_id": "305800",
      "name": "下拉",
      "font_class": "xiala",
      "unicode": "e641",
      "unicode_decimal": 58945
    },
    {
      "icon_id": "336541",
      "name": "居乐乐导航",
      "font_class": "daohang",
      "unicode": "e61f",
      "unicode_decimal": 58911
    },
    {
      "icon_id": "706845",
      "name": "二维码",
      "font_class": "erweima",
      "unicode": "e618",
      "unicode_decimal": 58904
    },
    {
      "icon_id": "720964",
      "name": "箭头",
      "font_class": "xiazai6",
      "unicode": "e606",
      "unicode_decimal": 58886
    },
    {
      "icon_id": "887915",
      "name": "关注",
      "font_class": "guanzhu",
      "unicode": "e61e",
      "unicode_decimal": 58910
    },
    {
      "icon_id": "900127",
      "name": "理财",
      "font_class": "licai",
      "unicode": "e644",
      "unicode_decimal": 58948
    },
    {
      "icon_id": "902058",
      "name": "分享 (3)",
      "font_class": "fenxiang3",
      "unicode": "e63f",
      "unicode_decimal": 58943
    },
    {
      "icon_id": "1288599",
      "name": "箭头",
      "font_class": "jiantou",
      "unicode": "e603",
      "unicode_decimal": 58883
    },
    {
      "icon_id": "2019922",
      "name": "意见反馈",
      "font_class": "yijianfankui",
      "unicode": "e60f",
      "unicode_decimal": 58895
    },
    {
      "icon_id": "3050830",
      "name": "消息",
      "font_class": "news",
      "unicode": "e623",
      "unicode_decimal": 58915
    },
    {
      "icon_id": "4266155",
      "name": "返回顶部",
      "font_class": "fanhuidingbu",
      "unicode": "e713",
      "unicode_decimal": 59155
    },
    {
      "icon_id": "4303877",
      "name": "人",
      "font_class": "ren",
      "unicode": "e6c5",
      "unicode_decimal": 59077
    },
    {
      "icon_id": "7318487",
      "name": "签到",
      "font_class": "qiandao",
      "unicode": "e609",
      "unicode_decimal": 58889
    },
    {
      "icon_id": "7588112",
      "name": "搜索",
      "font_class": "sousuo",
      "unicode": "e622",
      "unicode_decimal": 58914
    },
    {
      "icon_id": "10151998",
      "name": "客服",
      "font_class": "kefu",
      "unicode": "e6ac",
      "unicode_decimal": 59052
    },
    {
      "icon_id": "11747399",
      "name": "房子",
      "font_class": "fangzi",
      "unicode": "e620",
      "unicode_decimal": 58912
    }
  ]
}
